packet_id,query_id,annotator_id,does_answer_a_answer_question,does_answer_b_answer_question,preferred_answer,useful_span_a,useful_span_b,notes,created_at,updated_at
1,mix:11,vlad,yes,yes,A,"The Cleveland Show came into existence as a spin-off of Family Guy. Seth MacFarlane initially conceived the series in 2007 while he was working on Family Guy and American Dad! for Fox. [...] The series centered on Cleveland Brown after he moved into a new life with his new family in Stoolbend, Virginia.",so if I write something here and don't do cmd enter it won't get saved,"two questions in one, hard for text span (written by Paul)",2026-05-23T11:48:57+00:00,2026-05-23T11:50:05+00:00
4,mix:23,vlad,partially,yes,A,"This hidden-information setup affects gameplay and strategy,",The game also uses a scoring system based on isolated groups of huts,Long,2026-05-23T11:52:32+00:00,2026-05-23T11:52:32+00:00
3,agriculture:9,sitara,yes,yes,tie,"stocking density × period of occupation
for a constant stocking density, the intensity of grazing changes in direct proportion to the period of occupation. 
grazing management","multiplying the stocking density per acre (or per hectare) by the period of occupation of the paddock.
two herds with the same stocking density can create very different grazing pressure depending on the period of occupation. 
independent of how many groups","I feel like the answer B has too many words (and some of them are not so related), but on the other hand the answer A is too compact? Personally I love the direct highlighting of formula in the answer A and ""why it matters"" part in Answer B",2026-05-23T13:31:12+00:00,2026-05-23T13:31:12+00:00
2,mix:29,milos,yes,yes,tie,"In the 1960s, Day relocated to Hollywood. There, he shifted much of his work toward television, directing many TV episodes and made-for-TV movies. The record also notes that he occasionally appeared in small acting parts in his own productions.","Robert Day’s transition from the British film industry to Hollywood appears to have been a shift into a much busier phase of his career. The provided material says that he became “one of the industry's busiest directors,” and that he relocated to Hollywood in the 1960s. After moving there, he worked extensively in film and television, directing many TV episodes and made-for-TV movies.",,2026-05-23T13:33:12+00:00,2026-05-23T13:33:12+00:00
5,mix:2,milos,yes,yes,tie,"The Witch’s cave is significant because it is her home, workplace, and magical sanctuary. The tables describe it as the Cavern, a location with a fountain-lit roof, scrolls, and spaces where the Wizard Maid lives, works, and contemplates. In the source text, she is shown under the cavern’s fountain-lighted roof, broidering poetry and remaining in trance through the night, which reinforces the cave as a place of concentrated creative and supernatural activity.","The Witch’s cave is significant as her private, enchanted home and the center of her power. It is described as being on Atlas’s mountain by a secret fountain, and it holds the magical objects that define her abilities: scrolls of strange wisdom, visions, odors, liquors, and wondrous crafted items. The cave is not just a shelter; it is a symbolic place of imagination, knowledge, and supernatural control.",,2026-05-23T13:34:02+00:00,2026-05-23T13:34:02+00:00
6,mix:0,sitara,yes,yes,B,"Mary’s main objection, as indicated by the title page note “To Mary (on her objecting to the following poem, upon the …),” is not spelled out in the provided text, so I can’t say for certain exactly what her objection was.","Mary’s main objection is that the poem contains “no human interest.” In the opening dedication, Shelley says she objects to the verses because they tell no story, false or true, and he asks her to accept them as a “visionary rhyme” instead.

In other words, Mary seems to be criticizing the poem for lacking the kind of narrative or human-centered content that would make it more immediately engaging or meaningful. Shelley responds by defending the poem as imaginative rather than story-driven.",B is more accurate and no useless words.,2026-05-23T13:34:10+00:00,2026-05-23T13:34:10+00:00
8,agriculture:7,milos,yes,yes,tie,The series editor of Culture of the Land is Norman Wirzba.,The series editor of “Culture of the Land” is Norman Wirzba.,,2026-05-23T13:34:23+00:00,2026-05-23T13:34:23+00:00
11,mix:15,milos,yes,partially,A,"The critical response suggests that No Trees in the Street was seen as a film with some strong performances and a convincing sense of setting, but also with notable weaknesses in its plotting and characterization. Reviewers repeatedly pointed to its attempt at realism: one review praised the camerawork for creating a “realistic documentary look” that captured the details of slum life, making the setting feel “surprisingly naturalistic.” The film was also described as having sympathetic and moving acting, especially from Sylvia Syms and Herbert Lom.",,,2026-05-23T13:34:42+00:00,2026-05-23T13:34:42+00:00
9,mix:10,sitara,partially,yes,B,"Meg Griffin’s voice changed because the character was recast after season 1, but the exact reason for the switch is not fully stated in the evidence provided.","The tables indicate that Meg Griffin’s voice actor changed from Lacey Chabert to Mila Kunis after the first season. The reason given was that Chabert left the series because of time constraints from her role on Party of Five and schoolwork.

There is also a note that some of Chabert’s work appeared in second-season episodes because of production order, but the main reason for the change was her limited availability. Mila Kunis was then hired after auditions and callbacks, and the show’s creator felt she brought a natural quality to the character.",A only answered partially and why hes talking to himself its so weird ugh,2026-05-23T13:36:17+00:00,2026-05-23T13:36:17+00:00
14,agriculture:3,milos,yes,yes,A,"The book presents the rest period as a key control on grass regrowth, productivity, and the season-long output of both herbage and nutrients. The author argues that grass should not be grazed or cut at fixed intervals all year round, because the optimal rest period changes with the season. In the material provided, the optimum rest period is described as about 18 days in May–June and about 36 days in August–September, reflecting slower growth later in the season.","The rest period is significant because it is the interval between grazings during which grass is allowed to recover. In the book’s discussion, this recovery time is not incidental—it is treated as a central factor in grazing management and pasture productivity.",,2026-05-23T13:38:19+00:00,2026-05-23T13:38:19+00:00
12,agriculture:6,sitara,yes,yes,tie,"because it lets them move beyond wholesale commodity pricing and sell at retail prices instead. 
direct marketing allows farmers to add value to their products.
flexibility in finding and serving markets. 
direct marketing can help small farms remain viable by diversifying sales channels.","direct marketing as a major benefit for small farmers because it is “the profit equalizer for small family farms.
 retail prices rather than wholesale prices,
much greater profits.
mall-farm dream more achievable,",A has too many words but it gives more examples.,2026-05-23T13:39:47+00:00,2026-05-23T13:39:47+00:00
17,agriculture:27,milos,yes,yes,tie,"People get into market farming for a mix of practical, personal, and financial reasons. A common theme in the material is that market farming attracts people from many backgrounds: teenagers, people in their 80s, professionals who changed careers, and people with or without farming experience. The text also notes that some are drawn to it after “catching the market farming bug,” suggesting that once people begin farming, they often find it hard to ignore.","People get into market farming for several overlapping reasons, but the tables suggest that money is usually not the main one. In the source text, market gardeners say they are drawn to farming because it offers the promise of a better life: one that is more peaceful and productive. The text also notes that many people are not doing it “for the money,” since farming is described as not being a high-paying occupation.",,2026-05-23T13:40:22+00:00,2026-05-23T13:40:22+00:00
20,mix:17,milos,yes,yes,A,"Studying puns is significant because puns are a form of wordplay that depend on multiple meanings, polysemy, homonymy, or phonological similarity. That makes them a useful test case for language understanding systems: to handle puns well, a system often needs to recognize ambiguity, context, and intended meaning, not just surface word forms.","Studying puns is significant because the source text describes pun understanding as an important research question with real-world applications. In particular, puns are noted as relevant to both human-computer interaction and machine translation. This implies that better handling of puns can improve how systems interpret or generate language in situations where multiple meanings matter.",,2026-05-23T13:40:57+00:00,2026-05-23T13:40:57+00:00
15,agriculture:28,sitara,yes,yes,A,"draft animals are presented as the original “machinery” used on farms to save time and effort. They are described as still being a viable tool today, especially within sustainable agriculture, which is shown as broad enough to include more than one model of farming success.","Draft animals are presented in the book as the original farm “machinery” used to save time and labor.
The book also frames draft animals as part of a broader ecological and historical normalcy in agriculture.
Finally, the book notes that draft animals can be especially practical where fuel is expensive, machinery is unnecessary, or a farmer wants a lower-input system.",First one because it has sections,2026-05-23T13:41:04+00:00,2026-05-23T13:41:04+00:00
23,mix:29,milos,yes,yes,tie,"Robert Day’s transition from the British film industry to Hollywood appears to have been a shift into a much busier phase of his career. The provided material says that he became “one of the industry's busiest directors,” and that he relocated to Hollywood in the 1960s. After moving there, he worked extensively in film and television, directing many TV episodes and made-for-TV movies.","Robert Day appears to have made a fairly smooth transition from the British film industry into Hollywood. The evidence says that he was already an active and busy director, and then in the 1960s he relocated to Hollywood, where he continued directing films and television. After that move, he worked extensively in TV, including directing many episodes and made-for-TV movies, and later episodes of numerous American series such as Barnaby Jones, The F.B.I., Dallas, Walt Disney's Wonderful World of Color, and Matlock.",,2026-05-23T13:41:43+00:00,2026-05-23T13:41:43+00:00
18,mix:24,sitara,yes,yes,B,"the first player cannot safely make an overly strong opening move: if that move gives too much advantage, the second player can simply take over that position by swapping. If the opening is fair, the second player may choose to keep their original side instead. This creates a kind of self-correcting balance between the two players.","The pie rule helps balance gameplay in two-player board games by letting the second player choose whether to keep their assigned side or swap with the first player after the opening move. This reduces the advantage that might come from the first move, since the opening player cannot make an overly strong initial move without risking giving the stronger position to the opponent.",B is more precisely and easy to understand.,2026-05-23T13:42:18+00:00,2026-05-23T13:42:18+00:00
26,agriculture:7,milos,yes,yes,tie,The series editor of “Culture of the Land” is Norman Wirzba.,"The series editor of ""Culture of the Land"" is Norman Wirzba.",,2026-05-23T13:42:57+00:00,2026-05-23T13:42:57+00:00
29,mix:18,milos,yes,yes,B,"The joint learning approach differs from traditional pipeline methods mainly in how it handles the two subtasks: pun detection and pun location. In the pipeline setup, pun detection is done first and pun location is handled afterward as a separate step. The source documents describe this as a method where the detector is assumed to be perfect, and the location stage is then evaluated on the sentences that are already known to contain a pun.","The joint learning approach treats pun detection and pun location as a single sequence labeling problem. In the provided text, the model assigns a tag to each word in a sentence so it can identify both whether a pun is present and which word is the pun at the same time. This is described as a neural sequence labeling model using BiLSTM and CRF, with additional structural information such as word position.",,2026-05-23T13:43:12+00:00,2026-05-23T13:43:12+00:00
32,mix:19,milos,yes,yes,B,"The proposed approach treats pun detection and pun location jointly, using a sequence labeling framework rather than two separate systems. According to the provided text, this is presented as an advantage over earlier pipeline or separately designed methods because joint learning can reduce error propagation and allow information exchange between the two tasks. The model is also described as being generally applicable to both heterographic and homographic puns.","The proposed approach differs from previous methods mainly in that it treats pun detection and pun location jointly, rather than as two separate stages. The source document says earlier work typically built separate systems: one binary classifier to decide whether a sentence contains a pun, and another model to identify the pun word. By contrast, the proposed method uses a sequence labeling perspective so both tasks can be solved in a single model.",,2026-05-23T13:43:36+00:00,2026-05-23T13:43:36+00:00
21,agriculture:5,sitara,yes,yes,A,"The book describes two “dogmas” of environmental philosophy in the context of criticism and debate.
First, there is the belief that nature or natural ecosystems have intrinsic value, 
Second, there is the idea of obligations to future generations, especially in sustainability debates.","First, it emphasizes that nature or ecosystems may have intrinsic value.
Second, it discusses functional integrity as a sustainability framework.","Personally I like the last sentence of A ""If you want, I can also explain how these ideas relate to environmental ethics, functional integrity, and strong sustainability.""",2026-05-23T13:43:53+00:00,2026-05-23T13:43:53+00:00
35,mix:8,milos,yes,yes,A,"Coevolution appears to shape both the form and function of plasticity rules in embodied agents. In the source text, the authors state that “coevolution between static connectivity and interacting plasticity mechanisms in distinct sub-networks changes the function and form of the emerging plasticity rules in embodied agents performing a foraging task.” This means that plasticity rules are not developing in isolation; instead, they evolve together with network connectivity, and that interaction alters which learning rules emerge.","Coevolution appears to play a significant role in shaping how plasticity rules develop in embodied agents. According to the provided text, the parameters for both the motor network connections and the plastic network learning-rule parameters are co-evolved during evolutionary optimization. This means the agent is not only adapting its connections, but the learning rule itself is being optimized alongside the rest of the system.",,2026-05-23T13:44:17+00:00,2026-05-23T13:44:17+00:00
38,agriculture:28,milos,yes,yes,B,"Draft animals are presented as a practical, viable tool in sustainable agriculture. The material says they were the original “machinery” used on farms to save time and effort, and that although many farmers have replaced them with tractors and combines, they are still considered useful today. In this view, sustainable agriculture is broad enough to include more than one model of farming success.","In the book, draft animals are presented as the original “machinery” used on farms to save time and effort. They are described as still being a viable tool today, especially within sustainable agriculture, which is shown as broad enough to include more than one model of farming success.",,2026-05-23T13:44:38+00:00,2026-05-23T13:44:38+00:00
41,mix:12,milos,yes,yes,B,"The controversies around the 2014–15 Oman Professional League appear to have centered on a few connected issues.

First, there was a financial dispute between clubs and the Oman Football Association. According to the source material, nine clubs met and then sought a meeting with Sayyid Khalid Al-Busaidi, the Chairman of the Oman Football Association, to demand cancellation of the season. They said they could not meet the financial demands imposed by the association and also argued that the association had failed to fulfill promises made before the pro-league system began.

Second, the league was disrupted by a referees’ boycott. All of the association’s top-division referees refused to officiate the opening round of the Omantel Professional League over a payment issue. This created a major embarrassment for the Oman Football Association and contributed to broader league instability.",The controversies surrounding the 2014–15 Oman Professional League appear to have centered on two main issues: club dissatisfaction with the Oman Football Association and a referees’ boycott. The league was the top flight in Oman and was sponsored as the Omantel Professional League during that season.,I prefer how the answer is more straight to the point.,2026-05-23T13:45:30+00:00,2026-05-23T13:45:30+00:00
24,mix:20,sitara,yes,yes,tie,"The primary challenge is the severe sign problem in conventional lattice QCD at large baryon chemical potential.
The tables indicate that the dual formulation is used instead as a way to address this problem in the strong-coupling regime.","The primary challenge is the severe sign problem in conventional lattice QCD at large baryon chemical potential.
cannot be determined numerically from conventional lattice QCD due to the severe sign problem.
 the dual formulation of lattice QCD, are used in the study.",,2026-05-23T13:45:45+00:00,2026-05-23T13:45:45+00:00
44,mix:21,milos,yes,yes,tie,"In the strong coupling limit of lattice QCD, the sign problem is addressed by switching to a dual formulation of the theory. The source documents state that the dual partition function in this limit is simulated with the worm algorithm, and that in this regime the sign problem is essentially solved or at least mild and under control.","In the strong coupling limit of lattice QCD, the sign problem is addressed by using a dual formulation together with sign reweighting. The source documents state that the dual partition function in this limit is simulated with the worm algorithm, and that in this regime the sign problem is “essentially solved” or at least very mild.",,2026-05-23T13:45:59+00:00,2026-05-23T13:45:59+00:00
47,mix:25,milos,yes,yes,tie,"Dana Blankstein-Cohen has made several contributions to film and television education and institutional leadership in Israel. She serves as the executive director of the Sam Spiegel Film and Television School in Jerusalem, and the provided information says she was appointed to that role by the board of directors in November 2019. She is also described as an Israeli film director and culture entrepreneur.","Dana Blankstein-Cohen has contributed to film and television education in Israel through leadership roles and institutional work. She serves as the executive director of the Sam Spiegel Film and Television School in Jerusalem, where she also studied, and she previously served as CEO and director of the Israeli Academy of Film and Television.",,2026-05-23T13:46:50+00:00,2026-05-23T13:46:50+00:00
27,mix:4,sitara,yes,yes,A,"The standard approach in statistical inference is to predict interaction couplings by maximizing the likelihood function. In the inverse problem, this means finding model parameters that best fit observed data. However, a key challenge is that computing the likelihood often requires evaluating the partition function, which can be computationally expensive.","The standard approach in statistical inference is to maximize the likelihood function to predict interaction couplings from observed data. In the inverse problem described here, that means estimating the model parameters that best fit the data and reconstruct the interaction network.",A has sections division,2026-05-23T13:46:54+00:00,2026-05-23T13:46:54+00:00
50,mix:20,milos,yes,yes,tie,The primary challenge is the severe sign problem at large baryon chemical potential. The source documents explicitly state that the nuclear liquid-gas transition from a gas of hadrons to a nuclear phase cannot be determined numerically from conventional lattice QCD because of this issue.,The primary challenge is the severe sign problem in conventional lattice QCD at large baryon chemical potential. The source text explicitly says that the nuclear liquid-gas transition from hadron gas to a nuclear phase cannot be determined numerically from conventional lattice QCD due to the severe sign problem.,,2026-05-23T13:47:16+00:00,2026-05-23T13:47:16+00:00
30,agriculture:25,sitara,yes,yes,tie,"Minimal soil disturbance — often implemented as no-till or reduced tillage.
Permanent soil cover — keeping the soil protected with crop residues, mulch, or cover crops.
Diverse crop rotations — rotating crops, and in some descriptions intercropping is included as part of the broader practice set.","Minimal soil disturbance — often implemented as no-till or reduced tillage.
Permanent soil cover — keeping the soil covered with crop residues, mulch, or cover crops.
Crop diversification — especially through crop rotation and, in some descriptions, intercropping.",,2026-05-23T13:47:18+00:00,2026-05-23T13:47:18+00:00
53,agriculture:15,milos,yes,yes,A,"The author defines agripreneurship as the profitable marriage of agriculture and entrepreneurship—in simpler terms, turning a farm into a business. The text also describes it as a thinking person’s agriculture, meaning it involves careful planning and deliberate decision-making rather than just producing crops or livestock.","The author defines agripreneurship as the profitable marriage of agriculture and entrepreneurship—in other words, turning a farm into a business. The descriptions also frame it as a farming approach that combines business management with agricultural production.",,2026-05-23T13:47:37+00:00,2026-05-23T13:47:37+00:00
33,agriculture:15,sitara,yes,yes,A,"The author defines agripreneurship as the profitable combination of agriculture and entrepreneurship—in simpler terms, turning farming into a business. The text also presents it as a farm-business philosophy and practice that emphasizes managing a farm as an integrated enterprise rather than just a production activity.","The author defines agripreneurship as the profitable marriage of agriculture and entrepreneurship—in simpler terms, turning a farm into a business. The text also describes it as a thinking person’s agriculture, meaning it involves careful planning and deliberate decision-making rather than just producing crops or livestock.","I prefer ""Key Elements in the Definition"" than ""What that means in practice"" just personal opinion...",2026-05-23T13:48:09+00:00,2026-05-23T13:48:09+00:00
56,mix:29,milos,yes,yes,A,"Robert Day’s transition from the British film industry to Hollywood appears to have been a shift into a much busier phase of his career. The provided material says that he became “one of the industry's busiest directors,” and that he relocated to Hollywood in the 1960s. After moving there, he worked extensively in film and television, directing many TV episodes and made-for-TV movies.","Robert Day moved from the British film industry into Hollywood and, according to the provided material, became one of the industry’s busiest directors after relocating there in the 1960s. Before and during that transition, he was already directing major film work, including several Tarzan films. The evidence also notes that he worked extensively in film and television, and later handled many TV episodes and made-for-TV movies in the United States.",,2026-05-23T13:48:10+00:00,2026-05-23T13:48:10+00:00
59,mix:7,milos,yes,yes,A,,"Environmental variability appears to reduce how much artificial organisms rely on plasticity. The source documents say that as uncertainty or fluctuation in the environment increases, the learning rate or plasticity parameter decreases. In other words, when the environment becomes less reliable, the agent depends less on plastic changes to update its weights.",,2026-05-23T13:48:35+00:00,2026-05-23T13:48:40+00:00
36,mix:16,sitara,yes,yes,B,"The provided material shows that he worked in the scriptwriting department at British International Pictures, and also had stints as an actor and stagehand with the Nottingham Repertory Company.","across several demanding areas of film work, including scriptwriting, dialogue direction, directing feature films, and television movies.
The descriptions emphasize that he directed a wide range of material: crime thrillers, war films, kitchen-sink melodramas, comedies, musicals, and later television films. That range suggests resilience and adaptability, but also a career shaped by the need to keep working across changing industry conditions and different markets.",,2026-05-23T13:49:37+00:00,2026-05-23T13:49:37+00:00
39,mix:15,sitara,yes,yes,tie,"The critical response suggests that No Trees in the Street was seen as a film with some strong performances and a convincing sense of setting, but also with notable weaknesses in its plotting and characterization. Reviewers repeatedly pointed to its attempt at realism: one review praised the camerawork for creating a “realistic documentary look” that captured the details of slum life, making the setting feel “surprisingly naturalistic.” The film was also described as having sympathetic and moving acting, especially from Sylvia Syms and Herbert Lom.","The critical reception of No Trees in the Street appears mixed, with reviewers recognizing some effective elements while also pointing to clear weaknesses. The film was often discussed in relation to its slum setting and its attempt at realism, and several comments suggest that its strongest quality was its portrayal of social environment and its performances.",,2026-05-23T13:50:39+00:00,2026-05-23T13:50:39+00:00
42,mix:9,sitara,yes,yes,tie,Minor variations in the task or in the network parametrization can lead to noticeably different plasticity rules. The source text says that “minor variations of the task an agent has to solve or the parametrization of the network can give rise to significantly different plasticity rules.”,"Minor variations in the task or the network parametrization can lead to noticeably different plasticity rules. The data indicate that even small changes in the task an agent must solve, or in how the network is configured, can produce significantly different evolved plasticity mechanisms.",,2026-05-23T13:52:21+00:00,2026-05-23T13:52:21+00:00
45,agriculture:27,sitara,yes,yes,B,"People get into market farming for a few recurring reasons. The source material says that many market gardeners are not motivated primarily by money, since farming is described as a low-paying occupation. Instead, they are often drawn to the work because it offers the promise of a better life that is more peaceful and productive.","People get into market farming for several overlapping reasons, but the tables suggest that money is usually not the main one. In the source text, market gardeners say they are drawn to farming because it offers the promise of a better life: one that is more peaceful and productive. The text also notes that many people are not doing it “for the money,” since farming is described as not being a high-paying occupation.",,2026-05-23T13:52:38+00:00,2026-05-23T13:52:38+00:00
48,mix:18,sitara,yes,yes,A,"The tables describe joint learning as a way to handle pun detection and pun location together in a single model. In this setup, the two tasks are formulated as a sequence labeling problem, where each word in a sentence is assigned a tag so the model can both detect whether a pun exists and identify its location at the same time.

By contrast, the pipeline method performs the tasks in stages: it first does pun detection, and then uses that output for pun location. In the source text, this is described as a setup where the pun detector is treated as perfect, and only pun location is evaluated. The tables also note that pipeline methods are used as a baseline and perform significantly worse than the joint approach.","The joint learning approach differs from traditional pipeline methods mainly in how it handles the two subtasks: pun detection and pun location. In the pipeline setup, pun detection is done first and pun location is handled afterward as a separate step. The source documents describe this as a method where the detector is assumed to be perfect, and the location stage is then evaluated on the sentences that are already known to contain a pun.",A has sections,2026-05-23T13:53:08+00:00,2026-05-23T13:53:08+00:00
51,agriculture:21,sitara,yes,yes,tie,"The book treats grass tetany as an important livestock health problem, especially in cattle grazing on young or temporary pasture. It describes the condition as a form of tetany linked to magnesium deficiency, hypomagnesemia, ionic imbalance, and rumen disturbance, with symptoms similar to milk fever. The discussion also connects the disease to pasture management factors such as very young grass, intensive or rationed grazing, temporary swards, and heavy nitrogen fertilization.","The book treats grass tetany as a serious livestock health condition, especially affecting cattle grazing on young, temporary, or heavily nitrogen-fertilized pasture. It describes the disorder as being linked to magnesium deficiency (hypomagnesemia), ionic imbalance, alkalosis, and excess ammonia production in the rumen or blood. The condition is also connected with grazing systems such as rationed grazing and very young grass, which are said to increase the risk.",,2026-05-23T13:53:26+00:00,2026-05-23T13:53:26+00:00
54,agriculture:3,sitara,yes,yes,B,"The rest period is significant because it is the interval between grazings during which grass is allowed to recover. In the book’s discussion, this recovery time is not incidental—it is treated as a central factor in grazing management and pasture productivity.","In the book’s discussion of grazing management, the rest period is the time between two grazing passages during which grass is left ungrazed so it can recover. It is treated as a central part of rational grazing, not a minor detail. The text links rest periods directly to grass recovery, regrowth, and overall pasture productivity.",B has sections...,2026-05-23T13:53:46+00:00,2026-05-23T13:53:46+00:00
57,agriculture:14,sitara,yes,yes,B,"Growing Gardens supports home gardeners in Portland, Oregon by providing a structured, long-term program rather than just installing a garden and leaving people on their own. The organization works with low-income populations and helps gardeners through the early stages of learning, when maintaining a garden can be the hardest part.","Growing Gardens supports home gardeners in Portland, Oregon by providing a structured, long-term program rather than just installing a garden and leaving. According to the table data, it is a Portland-based nonprofit that focuses on home-scale organic food gardening and works with low-income populations, schools, and neighborhoods.","B highlighed ""gardeners in Portland, Oregon""",2026-05-23T13:54:36+00:00,2026-05-23T13:54:36+00:00
60,agriculture:2,sitara,yes,yes,tie,"The Intervale in Burlington, Vermont supports new farmers mainly through its incubator program. The source text says the Intervale has “a unique incubator program for new farmers,” and the reasoning data identifies the Intervale Center Farm Incubator as the key program serving beginning farmers.","The Intervale in Burlington, Vermont supports new farmers primarily through the Intervale Center Farm Incubator. The source text describes this as an incubator farm program in Burlington that gives beginning farmers free or low-cost access to land and equipment. It also notes that growers in incubator farms share facilities and tools while each runs their own business.",,2026-05-23T13:54:55+00:00,2026-05-23T13:56:22+00:00
7,agriculture:1,vlad,yes,yes,A,"small farm is any farm with 179 acres or fewer, or one that has a gross income of $50,000 per year or less","small farm as any farm grossing $250,000 per year or less",,2026-05-23T15:14:42+00:00,2026-05-23T15:14:42+00:00
10,mix:16,vlad,yes,yes,B,"One clear challenge mentioned in the source is that he had an early project that went unreleased, and he worked on films that did not always receive strong attention at the time. For example, the passage notes that his film The Weak and the Wicked “went largely unnoticed,” even though it contained themes that would characterize his work. Another example is that some of his later films are described as “potboilers,” implying that the critical reception of the later part of his career was less favorable than his earlier work.","J. Lee Thompson faced several recurring difficulties across his career. In the later part of his career, he openly acknowledged taking on what he called “dismal scripts,” saying he “wasn’t tough enough,” and later reflecting that he had made “some pretty bad stuff” and had sometimes “sold out.” The tables also note that some observers believed his creative decline coincided with the end of his relationship with Joan Henry.",,2026-05-23T15:19:23+00:00,2026-05-23T15:19:23+00:00
13,agriculture:10,vlad,yes,yes,B,"Beekeeping raises several environmental and ethical considerations, especially when it comes to pesticide use and bee welfare. The provided material makes clear that pesticides are a major hazard for bees: they can contaminate nectar, drift onto blossoms, poison foragers, damage colonies, and even kill bees outright. In the source text, bees exposed to pesticide spray can fall from the air, and some chemicals used in agriculture are described as harmful not just to managed bees but also to birds and other beneficial organisms. This means beekeeping is not only about managing hives, but also about recognizing how surrounding agricultural practices affect colony health.","Beekeeping raises both environmental and ethical questions, especially when it is tied to modern agriculture. The text argues that industrial farming, pesticide use, and large-scale migratory beekeeping can harm soil, water, natural pollinators, and honey bee health. It also suggests that the long-term future of beekeeping should be more local, smaller in scale, and integrated with diversified farming systems rather than relying on heavy chemical inputs and long-distance hive transport.",More concise,2026-05-23T15:19:41+00:00,2026-05-23T15:19:41+00:00
16,agriculture:4,vlad,yes,partially,A,"Greensgrow Farm in Philadelphia uses several innovative practices to make urban farming sustainable. One major approach is repurposing a contaminated former industrial site into a productive farm. Instead of relying on conventional soil at first, the farm began with hydroponic growing, and later added raised beds filled with organic soil. This allowed Greensgrow to produce food on land that had been a Superfund site.","Greensgrow Farm in Philadelphia uses several innovative practices to make urban farming sustainable. The source material describes it as an urban farm that emphasizes efficient, low-cost, and resourceful operations rather than traditional large-scale farming infrastructure. It also notes that the farm has grown successfully, with revenues reported at over $1 million, showing that its model is economically sustainable as well as environmentally conscious.",,2026-05-23T15:20:15+00:00,2026-05-23T15:20:15+00:00
19,mix:14,vlad,partially,yes,B,"The tables include information about several unrelated works, but they do not mention “No Trees in the Street” or give details about its plot, style, reception, or connection to British kitchen sink realism. Without evidence in the supplied material, I can’t reliably explain how it contributes to that genre.","No Trees in the Street contributes to British kitchen sink realism by portraying working-class slum life in London in a naturalistic way. The film is described as a 1959 British crime thriller that is also another example of British kitchen sink realism, and it is mainly noted for its naturalistic depiction of slum life.",,2026-05-23T15:20:42+00:00,2026-05-23T15:20:42+00:00
22,agriculture:14,vlad,yes,yes,A,"Growing Gardens supports home gardeners in Portland, Oregon by offering a combination of practical help, education, and ongoing personal support. The organization installs home gardens, provides start-up kits with seeds and tools, and draws on volunteer crews to help set up gardens for participants. It is also described as working with low-income populations, which suggests its support is especially aimed at making home gardening accessible to people who might not otherwise be able to start a garden on their own.","Growing Gardens supports home gardeners in Portland, Oregon by providing a structured, long-term program rather than just installing a garden and leaving. According to the table data, it is a Portland-based nonprofit that focuses on home-scale organic food gardening and works with low-income populations, schools, and neighborhoods.",,2026-05-23T15:21:27+00:00,2026-05-23T15:21:27+00:00
25,agriculture:3,vlad,yes,yes,A,"Its significance is that grass needs enough time to recover between grazings in order to produce well. The text says that longer rest periods can increase daily grass growth, and that the correct rest interval depends on conditions and the grazing system being used. In other words, the rest period directly affects how much grass the pasture can produce and how efficiently grazing can be managed.","The rest period is significant because it is the interval between grazings during which grass is allowed to recover. In the book’s discussion, this recovery time is not incidental—it is treated as a central factor in grazing management and pasture productivity.

More specifically, the rest period allows grass to regrow, rebuild reserves, and maintain vigor. The text links the length of the rest period to the amount of daily grass growth: longer rest periods can increase daily growth, while too-short rest periods reduce recovery and productivity.",,2026-05-23T15:21:58+00:00,2026-05-23T15:21:58+00:00
28,agriculture:27,vlad,yes,yes,tie,"People get into market farming for several overlapping reasons, but the tables suggest that money is usually not the main one. In the source text, market gardeners say they are drawn to farming because it offers the promise of a better life: one that is more peaceful and productive. The text also notes that many people are not doing it “for the money,” since farming is described as not being a high-paying occupation.","People get into market farming for several reasons, though the sources emphasize that money is usually not the main one. The text says that “no one ever says they’re doing it for the money,” and that farming is not generally a high-paying occupation. Instead, it is described as something that offers the promise of a better life—one that is more peaceful and productive.",,2026-05-23T15:22:21+00:00,2026-05-23T15:22:21+00:00
31,agriculture:4,vlad,yes,yes,A,"Greensgrow Farm in Philadelphia uses several innovative practices to make urban farming sustainable. The source material describes it as an urban farm that emphasizes efficient, low-cost, and resourceful operations rather than traditional large-scale farming infrastructure. It also notes that the farm has grown successfully, with revenues reported at over $1 million, showing that its model is economically sustainable as well as environmentally conscious.","Greensgrow Farm in Philadelphia uses several innovative practices to make urban farming more sustainable. The table evidence shows that it has adopted green roofs, a solar-powered composting toilet, and biodiesel production as part of its sustainability infrastructure. It also uses interpretive signs for children’s education, suggesting that education is built into its sustainability efforts.",,2026-05-23T15:23:00+00:00,2026-05-23T15:23:00+00:00
34,agriculture:8,vlad,yes,yes,tie,"The varroa mite is presented in the source data as a major parasitic pest of honey bees and one of the central threats to colony health. It infests hives, reproduces inside brood cells, and feeds on bees, especially developing brood and adult bees. The text also describes it as highly destructive and adaptive, which helps explain why it has been so damaging to beekeeping.","The varroa mite is presented in the data as a major parasite of honey bees and a central cause of colony decline. It infests honey bee colonies, feeds on bees and brood, reproduces inside brood cells, and spreads from hive to hive with bee movement and hive transport. The tables repeatedly describe it as destructive, adaptive, and difficult to eliminate, with the ability to develop resistance to chemical treatments.",,2026-05-23T15:28:53+00:00,2026-05-23T15:28:53+00:00
37,mix:7,vlad,yes,yes,A,"Environmental variability affects artificial organisms by changing how much they benefit from relying on plasticity. The source material says that when environmental fluctuation and uncertainty increase, the learning rate associated with plasticity decreases. In other words, as an environment becomes less reliable, an agent relies less on plasticity to update its weights.","Environmental variability appears to reduce how much artificial organisms rely on plasticity when the environment becomes less predictable. The source material says that as environmental uncertainty or fluctuation increases, the learning rate can decrease, meaning the agent relies less on plasticity to update its weights.",,2026-05-23T15:29:16+00:00,2026-05-23T15:29:16+00:00
40,mix:13,vlad,yes,yes,A,"The 1981 Major League Baseball strike was a labor stoppage that ran from June 12 to July 31. According to the provided data, it forced the cancellation of 713 games. That meant a substantial disruption to the regular season, with many games simply not played.","The 1981 Major League Baseball strike was a labor stoppage that lasted from June 12 to July 31. According to the provided data, it canceled 713 games.",,2026-05-23T15:29:37+00:00,2026-05-23T15:29:37+00:00
43,agriculture:10,vlad,partially,yes,B,"Beekeeping raises important environmental and ethical considerations because bees are both managed livestock and essential pollinators. The tables describe beekeeping as a practice focused on colony health, honey production, pollination services, and hive management, while also noting that bees are vulnerable to chemical exposure, disease, mites, and other stressors. From an ethical standpoint, the welfare of bees matters because beekeepers are responsible for keeping colonies healthy and minimizing avoidable harm.","Beekeeping raises several environmental and ethical considerations, especially when it comes to pesticide use and bee welfare. The provided material makes clear that pesticides are a major hazard for bees: they can contaminate nectar, drift onto blossoms, poison foragers, damage colonies, and even kill bees outright. In the source text, bees exposed to pesticide spray can fall from the air, and some chemicals used in agriculture are described as harmful not just to managed bees but also to birds and other beneficial organisms. This means beekeeping is not only about managing hives, but also about recognizing how surrounding agricultural practices affect colony health.",,2026-05-23T15:30:14+00:00,2026-05-23T15:30:14+00:00
46,mix:5,vlad,yes,yes,tie,"Ashrita Shetty is directly connected to Udhayam NH4 as one of its lead actresses. The tables describe her as playing the lead female role in the 2013 Tamil-language action thriller, opposite Siddharth.","Ashrita Shetty is connected to Udhayam NH4 as one of its lead actresses. The data says she played the lead female role in the 2013 Tamil action thriller, appearing opposite Siddharth.",,2026-05-23T15:30:31+00:00,2026-05-23T15:30:31+00:00
49,agriculture:20,vlad,yes,yes,tie,"According to Howard, the Law of Return is the principle that what is taken from the soil must be returned to it. In practical terms, this means agriculture should not simply remove crops and nutrients from the land; it must also restore organic matter and fertility back to the soil.","Howard presents the Law of Return as a basic agricultural principle: whatever is taken from the soil should be returned to it. In the tables, this is described as a rule that agriculture should produce no waste and that organic matter and nutrients removed in crops or other farm outputs must be restored to maintain soil fertility.",,2026-05-23T15:33:28+00:00,2026-05-23T15:33:28+00:00
52,mix:2,vlad,yes,yes,B,"The Witch’s cave is significant because it is her home, workplace, and magical sanctuary. The tables describe it as the Cavern, a location with a fountain-lit roof, scrolls, and spaces where the Wizard Maid lives, works, and contemplates. In the source text, she is shown under the cavern’s fountain-lighted roof, broidering poetry and remaining in trance through the night, which reinforces the cave as a place of concentrated creative and supernatural activity.","The Witch’s cave is significant because it is her home and magical workspace. In the table data, the Cavern is described as the Wizard Maid’s dwelling, containing scrolls, a fountain-lit roof, and spaces where she lives, works, and contemplates. It is not just a place she occupies physically; it is the setting where her intellectual and supernatural activity happens.",,2026-05-23T15:33:45+00:00,2026-05-23T15:33:45+00:00
55,agriculture:24,vlad,yes,yes,B,"The book presents soil health as closely connected to climate change. In the data, “Soil Health” is described as a central agricultural concept linked to fertility, productivity, resilience, and carbon storage, while “Climate Change” is described as a major environmental challenge affecting agriculture, food systems, and sustainability.","A key link is soil carbon. The tables indicate that soil carbon is a key measure of soil health, and that soil can act as a terrestrial reservoir that holds carbon from the atmosphere. This means that improving soil health is not only about better crop growth and fertility, but also about increasing carbon storage in soils, which connects directly to climate change mitigation.",,2026-05-23T15:34:28+00:00,2026-05-23T15:34:28+00:00
58,agriculture:18,vlad,yes,yes,A,"The Stametsian Model for a Synergistic Mycosphere integrates mushrooms by treating them as a key part of a permaculture system. In the provided material, permaculture is described as an ecological design approach that uses biological diversity, complementary practices, recycling of by-products, and the interplay of natural ecosystems. Mushrooms are presented as the “missing link” in this model because they help convert agricultural and forest residues into productive fungal growth.","Based on the evidence provided, the Stametsian Model integrates mushrooms into sustainable agriculture by treating them as ecological recyclers and productive organisms within permaculture systems, helping convert organic waste into food while supporting biodiversity, habitat design, and long-term land stewardship.",,2026-05-23T15:34:52+00:00,2026-05-23T15:34:52+00:00