custom_id,query_id,variant,input_tokens,context_tokens,latency_seconds,local_entity_count,community_count,bridge_edge_count,bridge_path_nodes,bridge_path_edges,mean_edge_cost,max_edge_cost,mean_edge_score,bridge_budget_fallbacks,bridge_budget_stopped,context_input_tokens,context_within_budget,budget_attempt_count,error
answer|0|hi,0,hi,5093,4779,0.42330316454172134,12,0,19,18,17,,,,0,False,5093,True,1,
answer|0|naive,0,naive,6299,6017,0.46460042521357536,0,0,0,,,,,,0,False,6299,True,3,
answer|0|hi_nobridge,0,hi_nobridge,5945,5614,0.2136137569323182,0,0,0,,,,,,0,False,5945,True,1,
answer|0|hi_rerank_weighted,0,hi_rerank_weighted,4725,4399,4764.855162810534,12,0,9,10,9,0.4323403104453892,0.5604304786936981,0.6071739609732351,0,False,4725,True,1,
answer|0|hi_minmax_budgeted,0,hi_minmax_budgeted,5601,5281,3.6354109523817897,12,0,29,23,22,0.44254288920873636,0.5604304786936981,0.5879056296378884,0,False,5601,True,1,
answer|1|hi,1,hi,3447,3177,0.176190878264606,12,0,15,15,14,,,,0,False,3447,True,1,
answer|1|naive,1,naive,6320,6016,0.7691936939954758,0,0,0,,,,,,0,False,6320,True,3,
answer|1|hi_nobridge,1,hi_nobridge,4677,4366,0.16094506345689297,0,0,0,,,,,,0,False,4677,True,1,
answer|1|hi_rerank_weighted,1,hi_rerank_weighted,4459,4164,6.651127942837775,12,0,15,16,15,0.5953084827560893,0.6689955614492843,0.46819093010014895,0,False,4459,True,1,
answer|1|hi_minmax_budgeted,1,hi_minmax_budgeted,3769,3487,4.903824942186475,12,0,20,20,19,0.5670170954982209,0.6219132186761592,0.466833207461833,0,False,3769,True,1,
answer|2|hi,2,hi,4520,4115,0.1890341080725193,12,0,13,7,6,,,,0,False,4520,True,1,
answer|2|naive,2,naive,6388,6017,0.810572475194931,0,0,0,,,,,,0,False,6388,True,3,
answer|2|hi_nobridge,2,hi_nobridge,6056,5644,0.16646005306392908,0,0,0,,,,,,0,False,6056,True,1,
answer|2|hi_rerank_weighted,2,hi_rerank_weighted,5614,5169,6.0836359187960625,12,0,13,8,7,0.3342849388560915,0.361097101965163,0.6756379812358623,0,False,5614,True,1,
answer|2|hi_minmax_budgeted,2,hi_minmax_budgeted,4520,4115,4.065869036130607,12,0,13,9,8,0.33157506244998824,0.35464294596714696,0.6779451902754409,0,False,4520,True,1,
answer|3|hi,3,hi,4323,4063,0.16159912757575512,12,0,19,18,17,,,,0,False,4323,True,1,
answer|3|naive,3,naive,6300,6015,0.41483144275844097,0,0,0,,,,,,0,False,6300,True,3,
answer|3|hi_nobridge,3,hi_nobridge,5016,4720,0.18051036447286606,0,0,0,,,,,,0,False,5016,True,1,
answer|3|hi_rerank_weighted,3,hi_rerank_weighted,6789,6503,5.969529532827437,12,0,23,13,12,0.4960804655408451,0.6005744280643897,0.5258775505084489,0,False,6789,True,1,
answer|3|hi_minmax_budgeted,3,hi_minmax_budgeted,4955,4708,3.5460443003103137,12,0,28,21,20,0.5063523471123581,0.5877417616848242,0.5156201755478429,0,False,4955,True,1,
answer|4|hi,4,hi,5080,4778,0.31126461178064346,12,0,12,10,9,,,,0,False,5080,True,1,
answer|4|naive,4,naive,6326,6016,0.46509355772286654,0,0,0,,,,,,0,False,6326,True,3,
answer|4|hi_nobridge,4,hi_nobridge,5969,5650,0.21526895463466644,0,0,0,,,,,,0,False,5969,True,1,
answer|4|hi_rerank_weighted,4,hi_rerank_weighted,5477,5192,6.035280581563711,12,0,13,7,6,0.4125798689349269,0.5550884747257251,0.6008175270301237,0,False,5477,True,1,
answer|4|hi_minmax_budgeted,4,hi_minmax_budgeted,4809,4508,3.9148614071309566,12,0,10,13,12,0.31613925964489203,0.37919417698350893,0.70104401491975,0,False,4809,True,1,
answer|5|hi,5,hi,3779,3525,0.17838707752525806,12,0,11,12,11,,,,0,False,3779,True,1,
answer|5|naive,5,naive,6307,6017,0.5120887449011207,0,0,0,,,,,,0,False,6307,True,3,
answer|5|hi_nobridge,5,hi_nobridge,5479,5215,0.14047173876315355,0,0,0,,,,,,0,False,5479,True,1,
answer|5|hi_rerank_weighted,5,hi_rerank_weighted,6283,6071,6.084297435358167,12,0,18,12,11,0.5522069273471958,0.6226214810689756,0.4837467867295395,0,False,6283,True,1,
answer|5|hi_minmax_budgeted,5,hi_minmax_budgeted,4069,3806,6.8224335834383965,12,0,15,15,14,0.5467994468895557,0.6151688265075876,0.47575634930961824,0,False,4069,True,1,
answer|6|hi,6,hi,7580,7275,0.21119958441704512,12,0,27,25,24,,,,0,False,7580,True,1,
answer|6|naive,6,naive,6308,6016,0.4342573210597038,0,0,0,,,,,,0,False,6308,True,3,
answer|6|hi_nobridge,6,hi_nobridge,7735,7472,0.20534700620919466,0,0,0,,,,,,0,False,7735,True,1,
answer|6|hi_rerank_weighted,6,hi_rerank_weighted,5786,5509,6.19541101437062,12,0,13,10,9,0.513298293204444,0.5777413248588533,0.5270756326713433,0,False,5786,True,1,
answer|6|hi_minmax_budgeted,6,hi_minmax_budgeted,7906,7616,4.091007823124528,12,0,32,34,33,0.5941153153838106,0.6899486394334312,0.4295100021497335,0,False,7906,True,1,
answer|7|hi,7,hi,3832,3560,0.20218172762542963,12,0,23,22,21,,,,0,False,3832,True,1,
answer|7|naive,7,naive,6326,6016,0.448395854793489,0,0,0,,,,,,0,False,6326,True,3,
answer|7|hi_nobridge,7,hi_nobridge,4580,4302,0.16925977636128664,0,0,0,,,,,,0,False,4580,True,1,
answer|7|hi_rerank_weighted,7,hi_rerank_weighted,4148,3881,6.326238417066634,12,0,25,27,26,0.6292498116321522,0.7640056324864886,0.394339996433879,0,False,4148,True,1,
answer|7|hi_minmax_budgeted,7,hi_minmax_budgeted,4650,4367,3.967238401994109,12,0,41,44,43,0.6156837206802981,0.6813157435280941,0.40081016828437854,0,False,4650,True,1,
answer|8|hi,8,hi,7719,7246,0.20225473307073116,12,0,12,8,7,,,,0,False,7719,True,1,
answer|8|naive,8,naive,6448,6017,0.43692194018512964,0,0,0,,,,,,0,False,6448,True,3,
answer|8|hi_nobridge,8,hi_nobridge,8547,8052,0.17322236858308315,0,0,0,,,,,,0,False,8547,True,1,
answer|8|hi_rerank_weighted,8,hi_rerank_weighted,6596,6143,11.199221305549145,8,0,8,6,5,0.364990256527799,0.3773778294375788,0.6711276793063286,0,False,6596,True,2,
answer|8|hi_minmax_budgeted,8,hi_minmax_budgeted,7857,7375,4.397059794515371,12,0,16,19,18,0.3625259951937001,0.3780228989385758,0.6665169501222253,0,False,7857,True,1,
answer|9|hi,9,hi,3876,3628,0.16741621308028698,12,0,14,12,11,,,,0,False,3876,True,1,
answer|9|naive,9,naive,6295,6018,0.4155679512768984,0,0,0,,,,,,0,False,6295,True,3,
answer|9|hi_nobridge,9,hi_nobridge,5070,4839,0.187330006621778,0,0,0,,,,,,0,False,5070,True,1,
answer|9|hi_rerank_weighted,9,hi_rerank_weighted,5736,5464,6.123266234062612,12,0,18,13,12,0.4835212320848336,0.5575884207865813,0.5406362003758051,0,False,5736,True,1,
answer|9|hi_minmax_budgeted,9,hi_minmax_budgeted,4447,4197,6.511625835672021,12,0,23,15,14,0.5289389570271629,0.7709720509726562,0.4970193462090311,0,False,4447,True,1,
answer|10|hi,10,hi,8978,8581,0.35849711671471596,8,0,6,5,4,,,,0,False,8978,True,2,
answer|10|naive,10,naive,6278,6017,0.5109562780708075,0,0,0,,,,,,0,False,6278,True,3,
answer|10|hi_nobridge,10,hi_nobridge,8630,8258,0.516467354260385,0,0,0,,,,,,0,False,8630,True,3,
answer|10|hi_rerank_weighted,10,hi_rerank_weighted,8502,8234,11.444261881522834,8,0,12,7,6,0.44282938298996116,0.4927479381353679,0.5973885519399204,0,False,8502,True,2,
answer|10|hi_minmax_budgeted,10,hi_minmax_budgeted,8978,8581,6.695455030538142,8,0,6,6,5,0.41383045991476086,0.4663052581784799,0.6325507567393485,0,False,8978,True,2,
answer|11|hi,11,hi,4925,4629,0.16315964329987764,12,0,12,10,9,,,,0,False,4925,True,1,
answer|11|naive,11,naive,6359,6016,0.48892465233802795,0,0,0,,,,,,0,False,6359,True,3,
answer|11|hi_nobridge,11,hi_nobridge,6323,6047,0.18104181252419949,0,0,0,,,,,,0,False,6323,True,1,
answer|11|hi_rerank_weighted,11,hi_rerank_weighted,5285,5009,6.1524519342929125,12,0,15,13,12,0.5579011724358169,0.6436032660852931,0.48725003421779167,0,False,5285,True,1,
answer|11|hi_minmax_budgeted,11,hi_minmax_budgeted,4914,4627,6.4205777598544955,12,0,12,10,9,0.44914091581099974,0.5133868160138217,0.5620373360631283,0,False,4914,True,1,
answer|12|hi,12,hi,6381,6107,0.2169517083093524,12,0,7,10,9,,,,0,False,6381,True,1,
answer|12|naive,12,naive,6284,6019,0.4596316684037447,0,0,0,,,,,,0,False,6284,True,3,
answer|12|hi_nobridge,12,hi_nobridge,8043,7735,0.2129643252119422,0,0,0,,,,,,0,False,8043,True,1,
answer|12|hi_rerank_weighted,12,hi_rerank_weighted,5945,5603,11.216336316429079,8,0,12,8,7,0.5578161942767242,0.6079157518263135,0.502446836479679,0,False,5945,True,2,
answer|12|hi_minmax_budgeted,12,hi_minmax_budgeted,6536,6259,4.02910987008363,12,0,10,15,14,0.42265311132610217,0.4698886997484992,0.6024274767454904,0,False,6536,True,1,
answer|13|hi,13,hi,7121,6905,0.2018281864002347,12,0,6,7,6,,,,0,False,7121,True,1,
answer|13|naive,13,naive,6243,6018,0.4648023024201393,0,0,0,,,,,,0,False,6243,True,3,
answer|13|hi_nobridge,13,hi_nobridge,7899,7712,0.2087414851412177,0,0,0,,,,,,0,False,7899,True,1,
answer|13|hi_rerank_weighted,13,hi_rerank_weighted,6905,6686,6.098324911668897,12,0,8,7,6,0.4739758829597595,0.48772528279012506,0.586130631177818,0,False,6905,True,1,
answer|13|hi_minmax_budgeted,13,hi_minmax_budgeted,7162,6949,7.079843538813293,12,0,5,7,6,0.513069605684539,0.5466457497911873,0.557075712216625,0,False,7162,True,1,
answer|14|hi,14,hi,5030,4791,0.2405966455116868,12,0,10,11,10,,,,0,False,5030,True,1,
answer|14|naive,14,naive,6340,6015,0.4206971414387226,0,0,0,,,,,,0,False,6340,True,3,
answer|14|hi_nobridge,14,hi_nobridge,6011,5781,0.18751769792288542,0,0,0,,,,,,0,False,6011,True,1,
answer|14|hi_rerank_weighted,14,hi_rerank_weighted,5803,5567,5.931711404584348,12,0,11,9,8,0.33882134931972513,0.4755640427385196,0.6774647331265722,0,False,5803,True,1,
answer|14|hi_minmax_budgeted,14,hi_minmax_budgeted,5030,4791,4.0287282625213265,12,0,10,11,10,0.3105242024663225,0.4823546692660524,0.7034149283611193,0,False,5030,True,1,
answer|15|hi,15,hi,3633,3421,0.17633897811174393,12,0,14,11,10,,,,0,False,3633,True,1,
answer|15|naive,15,naive,6270,6016,0.4770726254209876,0,0,0,,,,,,0,False,6270,True,3,
answer|15|hi_nobridge,15,hi_nobridge,4680,4466,0.20435800403356552,0,0,0,,,,,,0,False,4680,True,1,
answer|15|hi_rerank_weighted,15,hi_rerank_weighted,6386,6055,6.110383502207696,12,0,6,6,5,0.2712080642745391,0.2712080642745391,0.7420393584058733,0,False,6386,True,1,
answer|15|hi_minmax_budgeted,15,hi_minmax_budgeted,3527,3313,6.226463041268289,12,0,13,12,11,0.35794895473700095,0.6058201656431359,0.6599683861410555,0,False,3527,True,1,
answer|16|hi,16,hi,5517,5208,0.23273883201181889,12,0,22,12,11,,,,0,False,5517,True,1,
answer|16|naive,16,naive,6346,6017,0.5361487846821547,0,0,0,,,,,,0,False,6346,True,3,
answer|16|hi_nobridge,16,hi_nobridge,5745,5415,0.19524515513330698,0,0,0,,,,,,0,False,5745,True,1,
answer|16|hi_rerank_weighted,16,hi_rerank_weighted,7697,7337,6.019395569339395,12,0,19,9,8,0.4422614453722873,0.5223622134954047,0.5940600954512539,0,False,7697,True,1,
answer|16|hi_minmax_budgeted,16,hi_minmax_budgeted,5091,4794,4.502531711012125,12,0,18,15,14,0.38377051963859393,0.5548990502110327,0.6444235226586734,0,False,5091,True,1,
answer|17|hi,17,hi,5572,5262,0.24030706752091646,12,0,20,16,15,,,,0,False,5572,True,1,
answer|17|naive,17,naive,6311,6018,0.5269674668088555,0,0,0,,,,,,0,False,6311,True,3,
answer|17|hi_nobridge,17,hi_nobridge,6007,5686,0.21937290858477354,0,0,0,,,,,,0,False,6007,True,1,
answer|17|hi_rerank_weighted,17,hi_rerank_weighted,6531,6158,6.094243339262903,12,0,16,12,11,0.4241780401487389,0.4649123600298144,0.6048998828042599,0,False,6531,True,1,
answer|17|hi_minmax_budgeted,17,hi_minmax_budgeted,5325,5010,3.666805134154856,12,0,16,17,16,0.4614712525443103,0.5221985997086536,0.5658309367104288,0,False,5325,True,1,
answer|18|hi,18,hi,6825,6455,0.19099203124642372,12,0,25,18,17,,,,0,False,6825,True,1,
answer|18|naive,18,naive,6389,6016,0.5758187333121896,0,0,0,,,,,,0,False,6389,True,3,
answer|18|hi_nobridge,18,hi_nobridge,7582,7164,0.23275906778872013,0,0,0,,,,,,0,False,7582,True,1,
answer|18|hi_rerank_weighted,18,hi_rerank_weighted,7343,6967,6.394741429947317,12,0,19,13,12,0.3915651297692156,0.5249531665690118,0.6290519342075258,0,False,7343,True,1,
answer|18|hi_minmax_budgeted,18,hi_minmax_budgeted,6952,6552,3.7031797729432583,12,0,25,28,27,0.4014981931852692,0.5041221619123525,0.6221197462836019,0,False,6952,True,1,
answer|19|hi,19,hi,4200,3953,0.17435970157384872,12,0,9,11,10,,,,0,False,4200,True,1,
answer|19|naive,19,naive,6316,6017,0.47514894139021635,0,0,0,,,,,,0,False,6316,True,3,
answer|19|hi_nobridge,19,hi_nobridge,5532,5280,0.1617767373099923,0,0,0,,,,,,0,False,5532,True,1,
answer|19|hi_rerank_weighted,19,hi_rerank_weighted,5477,5227,6.054735065437853,12,0,7,9,8,0.39675541900643196,0.510653689233669,0.6126260408369555,0,False,5477,True,1,
answer|19|hi_minmax_budgeted,19,hi_minmax_budgeted,4355,4106,4.054141684435308,12,0,11,15,14,0.37561280312931283,0.5037179834381165,0.6376429089493331,0,False,4355,True,1,
answer|20|hi,20,hi,6032,5770,0.17132533714175224,12,0,21,14,13,,,,0,False,6032,True,1,
answer|20|naive,20,naive,6279,6019,0.43134633265435696,0,0,0,,,,,,0,False,6279,True,3,
answer|20|hi_nobridge,20,hi_nobridge,6242,5987,0.17785801738500595,0,0,0,,,,,,0,False,6242,True,1,
answer|20|hi_rerank_weighted,20,hi_rerank_weighted,6463,6052,15.058756572194397,5,0,6,4,3,0.6332756065085645,0.7057016645318808,0.4362593040338026,0,False,6463,True,3,
answer|20|hi_minmax_budgeted,20,hi_minmax_budgeted,5550,5299,3.94605087954551,12,0,16,17,16,0.5069359736995869,0.5847391194552846,0.516549021252976,0,False,5550,True,1,
answer|21|hi,21,hi,3784,3490,0.1616862155497074,12,0,11,11,10,,,,0,False,3784,True,1,
answer|21|naive,21,naive,6306,6017,0.4949514167383313,0,0,0,,,,,,0,False,6306,True,3,
answer|21|hi_nobridge,21,hi_nobridge,5075,4780,0.19820079300552607,0,0,0,,,,,,0,False,5075,True,1,
answer|21|hi_rerank_weighted,21,hi_rerank_weighted,4699,4410,6.13118199352175,12,0,17,15,14,0.4528147881719297,0.61818475693148,0.5614106357013336,0,False,4699,True,1,
answer|21|hi_minmax_budgeted,21,hi_minmax_budgeted,3784,3490,4.0018716268241405,12,0,11,12,11,0.35773305740602185,0.5243112616089793,0.6566536620336264,0,False,3784,True,1,
answer|22|hi,22,hi,3908,3608,0.16715491376817226,12,0,13,15,14,,,,0,False,3908,True,1,
answer|22|naive,22,naive,6334,6016,0.46552485041320324,0,0,0,,,,,,0,False,6334,True,3,
answer|22|hi_nobridge,22,hi_nobridge,5008,4705,0.17456653248518705,0,0,0,,,,,,0,False,5008,True,1,
answer|22|hi_rerank_weighted,22,hi_rerank_weighted,4875,4629,6.201389065943658,12,0,20,17,16,0.623872644777722,0.7442249562585191,0.40484934170728676,0,False,4875,True,1,
answer|22|hi_minmax_budgeted,22,hi_minmax_budgeted,4425,4111,4.856695109046996,12,0,23,29,28,0.5697614219369613,0.6370345364032316,0.4475855356073183,0,False,4425,True,1,
answer|23|hi,23,hi,5706,5393,0.19654962699860334,12,0,28,16,15,,,,0,False,5706,True,1,
answer|23|naive,23,naive,6365,6014,0.4806767012923956,0,0,0,,,,,,0,False,6365,True,3,
answer|23|hi_nobridge,23,hi_nobridge,5471,5172,0.18144012708216906,0,0,0,,,,,,0,False,5471,True,1,
answer|23|hi_rerank_weighted,23,hi_rerank_weighted,6362,6055,6.535045349039137,12,0,16,10,9,0.44872741861695065,0.5781680544814914,0.5691528102834125,0,False,6362,True,1,
answer|23|hi_minmax_budgeted,23,hi_minmax_budgeted,4759,4470,3.55833569355309,12,0,16,18,17,0.4022515237497044,0.47095194958563047,0.6159602679399167,0,False,4759,True,1,
answer|24|hi,24,hi,4832,4552,0.20341038890182972,12,0,15,11,10,,,,0,False,4832,True,1,
answer|24|naive,24,naive,6389,6015,0.5061753736808896,0,0,0,,,,,,0,False,6389,True,3,
answer|24|hi_nobridge,24,hi_nobridge,5678,5391,0.1715545915067196,0,0,0,,,,,,0,False,5678,True,1,
answer|24|hi_rerank_weighted,24,hi_rerank_weighted,6510,6201,6.057729097083211,12,0,30,17,16,0.542947657126477,0.6142605358748388,0.4961656991777773,0,False,6510,True,1,
answer|24|hi_minmax_budgeted,24,hi_minmax_budgeted,5063,4777,6.226364868693054,12,0,18,13,12,0.4931166365449733,0.5638833774669614,0.5359661949982077,0,False,5063,True,1,
answer|25|hi,25,hi,6026,5694,0.22850952111184597,12,0,26,22,21,,,,0,False,6026,True,1,
answer|25|naive,25,naive,6343,6016,0.4373393328860402,0,0,0,,,,,,0,False,6343,True,3,
answer|25|hi_nobridge,25,hi_nobridge,5967,5629,0.2037279987707734,0,0,0,,,,,,0,False,5967,True,1,
answer|25|hi_rerank_weighted,25,hi_rerank_weighted,6685,6436,11.50550545938313,8,0,4,4,3,0.40040682010874873,0.4783026617121617,0.6377732634399401,0,False,6685,True,2,
answer|25|hi_minmax_budgeted,25,hi_minmax_budgeted,5793,5468,3.689372823573649,12,0,21,26,25,0.5283671378341624,0.6380682780130579,0.5038894376367533,0,False,5793,True,1,
answer|26|hi,26,hi,7533,7179,0.7716162968426943,4,0,4,4,3,,,,0,False,7533,True,4,
answer|26|naive,26,naive,6283,6016,0.5205040127038956,0,0,0,,,,,,0,False,6283,True,3,
answer|26|hi_nobridge,26,hi_nobridge,7434,7091,0.7129414221271873,0,0,0,,,,,,0,False,7434,True,4,
answer|26|hi_rerank_weighted,26,hi_rerank_weighted,6950,6562,15.346638911403716,5,0,9,5,4,0.4706383957979191,0.4865822265560023,0.5701471660056839,0,False,6950,True,3,
answer|26|hi_minmax_budgeted,26,hi_minmax_budgeted,7547,7192,11.425476952455938,4,0,5,5,4,0.5110109994938766,0.5288684970758682,0.5422127162654667,0,False,7547,True,4,
answer|27|hi,27,hi,5221,4926,0.20807146560400724,12,0,12,11,10,,,,0,False,5221,True,1,
answer|27|naive,27,naive,6313,6016,0.4674153281375766,0,0,0,,,,,,0,False,6313,True,3,
answer|27|hi_nobridge,27,hi_nobridge,6542,6259,0.17931356746703386,0,0,0,,,,,,0,False,6542,True,1,
answer|27|hi_rerank_weighted,27,hi_rerank_weighted,4931,4606,6.234540059231222,12,0,17,13,12,0.5230405411773946,0.5979100846344584,0.49959896524731273,0,False,4931,True,1,
answer|27|hi_minmax_budgeted,27,hi_minmax_budgeted,5549,5251,5.7350294990465045,12,0,19,16,15,0.47555764428727704,0.5497868056360878,0.5442341976050803,0,False,5549,True,1,
answer|28|hi,28,hi,5517,5207,0.3963322602212429,8,0,15,7,6,,,,0,False,5517,True,2,
answer|28|naive,28,naive,6388,6016,0.48117553628981113,0,0,0,,,,,,0,False,6388,True,3,
answer|28|hi_nobridge,28,hi_nobridge,5916,5623,0.36407755594700575,0,0,0,,,,,,0,False,5916,True,2,
answer|28|hi_rerank_weighted,28,hi_rerank_weighted,8547,8209,6.086116313934326,12,1,18,8,7,0.4141969795256571,0.5678474634491392,0.615540543984002,0,False,8547,True,1,
answer|28|hi_minmax_budgeted,28,hi_minmax_budgeted,6118,5809,6.954956501722336,8,0,27,16,15,0.49041793764375374,0.5549220859807648,0.5416825356958797,0,False,6118,True,2,
answer|29|hi,29,hi,4249,3919,0.17289601732045412,12,0,19,17,16,,,,0,False,4249,True,1,
answer|29|naive,29,naive,6337,6015,0.40968595165759325,0,0,0,,,,,,0,False,6337,True,3,
answer|29|hi_nobridge,29,hi_nobridge,5032,4704,0.18448948115110397,0,0,0,,,,,,0,False,5032,True,1,
answer|29|hi_rerank_weighted,29,hi_rerank_weighted,5874,5527,6.190008361823857,12,0,27,18,17,0.6067644157107805,0.7592382155055399,0.42464879699328195,0,False,5874,True,1,
answer|29|hi_minmax_budgeted,29,hi_minmax_budgeted,4257,3921,4.383197968825698,12,0,19,21,20,0.47595113697179736,0.6045926897651562,0.5383608794038569,0,False,4257,True,1,
