dataset,variant,rows,errors,mean_context_tokens,mean_input_tokens,mean_latency_seconds,mean_local_entity_count,mean_community_count,mean_bridge_edge_count,mean_bridge_path_edges,mean_edge_score,budget_stopped_rows,out_of_budget_rows
agriculture,hi,30,0,5039.866666666667,5341.3,0.23653843933716417,11.466666666666667,0.0,15.333333333333334,11.866666666666667,,0,0
agriculture,hi_minmax_budgeted,30,0,5141.0,5443.266666666666,5.034652126859873,11.466666666666667,0.0,17.6,16.4,0.5683182397741876,0,0
agriculture,hi_nobridge,30,0,5825.3,6129.7,0.22269479079792898,0.0,0.0,0.0,,,0,0
agriculture,hi_rerank_weighted,30,0,5800.833333333333,6112.766666666666,166.0795555910406,11.0,0.03333333333333333,14.8,9.866666666666667,0.5581176290195399,0,0
agriculture,naive,30,0,6016.466666666666,6326.333333333333,0.49341622792805234,0.0,0.0,0.0,,,0,0
mix,hi,30,0,3173.8333333333335,3456.233333333333,0.18770220326259732,12.0,0.0,12.6,12.433333333333334,,0,0
mix,hi_minmax_budgeted,30,0,3205.733333333333,3488.9,2.4251021266914905,12.0,0.0,12.933333333333334,13.866666666666667,0.5514797781660836,0,0
mix,hi_nobridge,30,0,4124.166666666667,4420.533333333334,0.1752274101600051,0.0,0.0,0.0,,,0,0
mix,hi_rerank_weighted,30,0,3597.0333333333333,3878.7,12.150033529599508,12.0,0.0,12.633333333333333,11.466666666666667,0.5509554328890718,0,0
mix,naive,30,0,6614.266666666666,6944.8,0.46219980555276075,0.0,0.0,0.0,,,0,0
